File,SLOC,Comments,Ratio_code_comment,McCabe,NumFiles,Ownership_Lines,Minor_Lines,Major_lines,LineAuthors,Commits,LineAdded,LineDeleted,CommitAuthors,Ownership_Commits,Minor_Commits,Major_Commits,Ownership_Churn,Minor_Churn,Major_Churn,HasBug,BugCount
maven/jruby-rake-plugin/src/main/java/org/jruby/maven,247,68,0.37999999999999995,3.3333333333333335,6,1.0,0,1,1,2.0,13.0,7.0,1.0,1.0,0.0,1.0,1.0,0.0,1.0,0.0,0.0
src/org/jvyamlb,6271,1257,1.881842105263158,26.07894736842105,38,0.9963289280469897,3,1,4,30.0,722.0,713.0,1.0,1.0,0.0,1.0,1.0,0.0,1.0,0.0,0.0
src/org/jvyamlb/nodes,81,186,3.3200000000000003,0.3333333333333333,6,1.0,0,1,1,0.0,0.0,0.0,0.0,0.0,0.0,0.0,0.0,0.0,0.0,0.0,0.0
src/org/jvyamlb/events,120,434,7.930714285714286,0.0,14,1.0,0,1,1,0.0,0.0,0.0,0.0,0.0,0.0,0.0,0.0,0.0,0.0,0.0,0.0
src/org/jvyamlb/tokens,137,651,11.622857142857143,0.0,21,1.0,0,1,1,0.0,0.0,0.0,0.0,0.0,0.0,0.0,0.0,0.0,0.0,0.0,0.0
src/org/jvyamlb/util,71,54,0.76,13.0,1,0.9846153846153847,1,1,2,1.0,6.0,1.0,1.0,1.0,0.0,1.0,1.0,0.0,1.0,0.0,0.0
src/org/jruby,31027,6694,0.501392405063291,54.51898734177215,79,0.27944692561014123,13,6,19,819.0,29959.0,22163.0,8.0,0.3992673992673993,1.0,7.0,0.42531900927008115,4.0,4.0,1.0,183.0
src/org/jruby/ast,2923,4803,1.9454205607476642,0.2897196261682243,107,0.5652829313543599,6,4,10,38.0,1049.0,1769.0,6.0,0.4473684210526316,2.0,4.0,0.43096453343803165,3.0,3.0,1.0,10.0
src/org/jruby/ast/types,12,91,7.94,0.0,3,0.8037383177570093,2,2,4,0.0,0.0,0.0,0.0,0.0,0.0,0.0,0.0,0.0,0.0,0.0,0.0
src/org/jruby/ast/visitor,1131,157,0.14666666666666664,6.0,3,0.5644295302013422,1,4,5,5.0,22.0,31.0,2.0,0.8,0.0,2.0,0.8178807947019867,0.0,2.0,0.0,0.0
src/org/jruby/ast/visitor/rewriter,1451,80,0.096,34.6,5,0.9862869198312236,2,1,3,11.0,46.0,146.0,3.0,0.8181818181818182,0.0,3.0,0.9282544378698225,2.0,1.0,0.0,0.0
src/org/jruby/ast/visitor/rewriter/utils,287,329,1.4925,0.8333333333333334,12,1.0,0,1,1,1.0,4.0,4.0,1.0,1.0,0.0,1.0,1.0,0.0,1.0,0.0,0.0
src/org/jruby/ast/executable,1895,320,0.315,18.8,10,0.6794117647058824,3,3,6,28.0,825.0,592.0,5.0,0.5,0.0,5.0,0.559369342184671,1.0,4.0,1.0,8.0
src/org/jruby/ast/util,341,52,0.665,52.0,2,0.8948497854077253,4,2,6,4.0,69.0,8.0,2.0,0.75,0.0,2.0,0.8638948116560057,0.0,2.0,0.0,0.0
src/org/jruby/runtime,2947,1743,1.6626315789473685,5.657894736842105,38,0.648410218709796,9,2,11,102.0,1916.0,2266.0,5.0,0.7745098039215687,2.0,3.0,0.5774004416355745,1.0,4.0,1.0,36.0
src/org/jruby/runtime/marshal,687,197,2.0940000000000003,19.8,5,0.32934131736526945,4,6,10,13.0,288.0,203.0,6.0,0.5384615384615384,0.0,6.0,0.4523387852901344,2.0,4.0,1.0,3.0
src/org/jruby/runtime/component,31,0,0.0,1.0,1,0.975,1,1,2,1.0,1.0,0.0,1.0,1.0,0.0,1.0,1.0,0.0,1.0,0.0,0.0
src/org/jruby/runtime/scope,514,224,0.46499999999999997,24.5,4,0.9952324195470799,1,1,2,47.0,1102.0,647.0,6.0,0.6595744680851063,3.0,3.0,0.4421720733427362,3.0,3.0,1.0,5.0
src/org/jruby/runtime/builtin,100,324,3.2874999999999996,0.0,4,0.5020080321285141,5,4,9,22.0,239.0,461.0,5.0,0.6818181818181818,3.0,2.0,0.32565814145353633,1.0,4.0,1.0,1.0
src/org/jruby/runtime/load,570,416,2.468888888888889,9.444444444444445,9,0.5068243858052776,4,4,8,32.0,225.0,172.0,4.0,0.46875,1.0,3.0,0.6221017888431605,1.0,3.0,1.0,11.0
src/org/jruby/runtime/callback,1477,316,1.1885714285714286,13.571428571428571,7,0.5996025832091406,5,3,8,38.0,1313.0,1540.0,3.0,0.9210526315789473,1.0,2.0,0.7849335535110482,1.0,2.0,1.0,2.0
src/org/jruby/javasupport,3788,768,0.31,37.285714285714285,14,0.2677394338891043,10,5,15,72.0,2637.0,1667.0,8.0,0.3611111111111111,3.0,5.0,0.33434396695667457,4.0,4.0,1.0,23.0
src/org/jruby/javasupport/bsf,222,116,0.575,5.0,2,0.5544041450777202,1,4,5,8.0,31.0,32.0,3.0,0.5,0.0,3.0,0.5169047619047619,0.0,3.0,0.0,0.0
src/org/jruby/javasupport/proxy,1479,344,2.2300000000000004,17.25,8,0.7666971637694419,2,2,4,19.0,193.0,99.0,3.0,0.47368421052631576,0.0,3.0,0.5162195007946153,0.0,3.0,1.0,9.0
src/org/jruby/javasupport/util,1051,146,0.55,43.333333333333336,3,0.46786454733932276,3,3,6,44.0,695.0,140.0,4.0,0.9090909090909091,3.0,1.0,0.5833471006112672,0.0,4.0,1.0,13.0
src/org/jruby/parser,7729,1146,0.9691666666666667,48.583333333333336,12,0.8057328285559762,7,3,10,32.0,5096.0,4908.0,4.0,0.53125,2.0,2.0,0.667207370879834,1.0,3.0,1.0,1.0
src/org/jruby/demo,423,21,0.05666666666666667,14.666666666666666,3,0.8709090909090909,5,2,7,16.0,99.0,131.0,6.0,0.3125,0.0,6.0,0.8039251990372154,3.0,3.0,0.0,0.0
src/org/jruby/libraries,709,396,1.644,2.466666666666667,15,0.30936995153473346,6,4,10,25.0,262.0,138.0,7.0,0.36,3.0,4.0,0.47322393127218476,3.0,4.0,1.0,1.0
src/org/jruby/yaml,618,97,0.8666666666666667,23.666666666666668,3,0.6267515923566879,2,2,4,16.0,90.0,58.0,4.0,0.5625,0.0,4.0,0.49184413230629814,0.0,4.0,1.0,4.0
src/org/jruby/environment,286,280,1.9014285714285712,3.4285714285714284,7,0.8914027149321267,3,1,4,2.0,6.0,25.0,1.0,1.0,0.0,1.0,1.0,0.0,1.0,0.0,0.0
src/org/jruby/ext,597,119,0.328,8.4,5,0.4354066985645933,3,4,7,13.0,158.0,42.0,5.0,0.38461538461538464,0.0,5.0,0.7125041023957992,3.0,2.0,1.0,2.0
src/org/jruby/ext/socket,4577,309,0.23000000000000004,18.555555555555557,9,0.9247606019151847,6,1,7,58.0,1298.0,455.0,7.0,0.3793103448275862,2.0,5.0,0.4344810999318555,3.0,4.0,1.0,12.0
src/org/jruby/ext/posix,1649,251,0.1757142857142857,4.107142857142857,28,0.8770973154362416,3,2,5,31.0,715.0,664.0,6.0,0.4838709677419355,3.0,3.0,0.672005176737038,4.0,2.0,1.0,3.0
src/org/jruby/ext/posix/util,244,106,0.44249999999999995,6.0,4,0.6691919191919192,1,3,4,50.0,1490.0,2370.0,7.0,0.38,2.0,5.0,0.474037553760621,3.0,4.0,0.0,0.0
src/org/jruby/internal/runtime,587,437,1.2466666666666666,5.166666666666667,12,0.5237691001697793,6,3,9,18.0,168.0,75.0,5.0,0.4444444444444444,0.0,5.0,0.5376016260162602,2.0,3.0,1.0,6.0
src/org/jruby/internal/runtime/methods,2045,800,0.8289473684210528,12.263157894736842,19,0.5802318486882245,5,3,8,95.0,3578.0,3248.0,4.0,0.8210526315789474,1.0,3.0,0.8166595246728418,2.0,2.0,1.0,17.0
src/org/jruby/exceptions,196,145,2.235,2.75,4,0.3788659793814433,4,5,9,12.0,86.0,149.0,3.0,0.75,0.0,3.0,0.9481704260651629,2.0,1.0,1.0,7.0
src/org/jruby/compiler,3304,730,2.432857142857143,30.571428571428573,14,0.9227368421052632,4,1,5,10.0,1623.0,3307.0,2.0,0.8,0.0,2.0,0.9823562891291975,1.0,1.0,0.0,0.0
src/org/jruby/compiler/yarv,624,70,0.11,104.0,1,0.6787954830614805,1,2,3,5.0,259.0,215.0,2.0,0.6,0.0,2.0,0.6091108328115216,0.0,2.0,1.0,1.0
src/org/jruby/compiler/impl,3387,638,0.28555555555555556,26.444444444444443,9,0.8896862825507484,4,2,6,188.0,7472.0,5822.0,6.0,0.8404255319148937,4.0,2.0,0.48646137026239067,1.0,5.0,0.0,0.0
src/org/jruby/evaluator,1914,233,1.8,46.5,6,0.6969344198680636,7,3,10,53.0,578.0,738.0,4.0,0.6226415094339622,1.0,3.0,0.36999725877192985,0.0,4.0,1.0,7.0
src/org/jruby/lexer/yacc,2620,1043,1.9883333333333337,23.27777777777778,18,0.8162970106075217,6,2,8,19.0,1832.0,1955.0,4.0,0.631578947368421,0.0,4.0,0.9001964863615349,2.0,2.0,1.0,2.0
src/org/jruby/anno,96,66,0.9066666666666666,5.0,3,0.8938547486033519,0,2,2,15.0,58.0,12.0,2.0,0.8,0.0,2.0,0.9090600610790635,0.0,2.0,1.0,8.0
src/org/jruby/common,120,94,1.2133333333333332,0.6666666666666666,3,0.8151260504201681,2,2,4,5.0,106.0,34.0,3.0,0.4,0.0,3.0,0.8212761177263537,1.0,2.0,0.0,0.0
src/org/jruby/util,8176,2922,1.2512820512820515,42.30769230769231,39,0.36759895322211317,5,5,10,78.0,1209.0,2016.0,6.0,0.28205128205128205,1.0,5.0,0.38880817359516334,2.0,4.0,1.0,13.0
src/org/jruby/util/collections,522,91,0.4325,12.0,4,0.5887096774193549,1,3,4,5.0,39.0,46.0,1.0,1.0,0.0,1.0,1.0,0.0,1.0,1.0,1.0
src/org/jruby/util/io,1320,952,3.5130769230769237,14.692307692307692,13,0.9309815950920245,1,2,3,23.0,367.0,2378.0,3.0,0.5652173913043478,0.0,3.0,0.8407160194174758,0.0,3.0,1.0,12.0
src/org/jruby/util/string,684,749,0.81,35.666666666666664,3,0.9910256410256411,1,1,2,0.0,0.0,0.0,0.0,0.0,0.0,0.0,0.0,0.0,0.0,0.0,0.0
src/builtin,351,66,0.06999999999999999,3.3333333333333335,3,0.6708595387840671,3,2,5,7.0,15.0,8.0,3.0,0.7142857142857143,0.0,3.0,0.638004246284501,1.0,2.0,1.0,4.0
src/builtin/yaml,22,4,0.5700000000000001,1.0,2,0.9666666666666667,1,1,2,0.0,0.0,0.0,0.0,0.0,0.0,0.0,0.0,0.0,0.0,1.0,1.0
src/jruby,180,17,0.09999999999999999,8.0,3,1.0,0,1,1,1.0,14.0,0.0,1.0,1.0,0.0,1.0,1.0,0.0,1.0,1.0,1.0
test,15214,1710,0.16087209302325584,1.0930232558139534,172,0.28164060643505534,10,5,15,100.0,1214.0,540.0,6.0,0.39,2.0,4.0,0.5454242770167428,3.0,3.0,1.0,81.0
test/org/jvyamlb,209,124,0.625,0.5,4,0.9658792650918635,1,1,2,3.0,20.0,23.0,2.0,0.6666666666666666,0.0,2.0,0.937799043062201,0.0,2.0,0.0,0.0
test/org/jruby/ast/visitor/rewriter,232,82,0.3125,4.0,4,0.8164893617021277,1,2,3,5.0,12.0,26.0,2.0,0.8,0.0,2.0,0.9954344848577081,1.0,1.0,0.0,0.0
test/org/jruby/ast/visitor/rewriter/utils,43,0,0.0,0.0,2,1.0,0,1,1,0.0,0.0,0.0,0.0,0.0,0.0,0.0,0.0,0.0,0.0,0.0,0.0
test/org/jruby/ast/executable,78,27,0.35,0.0,1,0.5470085470085471,0,3,3,2.0,17.0,17.0,1.0,1.0,0.0,1.0,1.0,0.0,1.0,0.0,0.0
test/org/jruby/test,1898,977,0.6921153846153845,1.1923076923076923,52,0.27467939158962124,9,7,16,51.0,382.0,288.0,7.0,0.39215686274509803,2.0,5.0,0.4174523007856341,3.0,4.0,1.0,2.0
test/org/jruby/test/bench,168,22,0.13,11.0,2,1.0,0,1,1,1.0,2.0,2.0,1.0,1.0,0.0,1.0,1.0,0.0,1.0,0.0,0.0
test/org/jruby/runtime/callback,18,0,0.0,0.0,1,0.9130434782608695,2,1,3,1.0,1.0,1.0,1.0,1.0,0.0,1.0,1.0,0.0,1.0,0.0,0.0
test/org/jruby/javasupport,19,37,2.28,0.0,2,0.746031746031746,2,2,4,3.0,2.0,21.0,2.0,0.6666666666666666,0.0,2.0,0.6198830409356725,0.0,2.0,0.0,0.0
test/org/jruby/javasupport/test,564,343,1.2684210526315791,0.9473684210526315,19,0.47333333333333333,3,5,8,3.0,46.0,28.0,1.0,1.0,0.0,1.0,1.0,0.0,1.0,0.0,0.0
test/org/jruby/ext/posix,14,8,0.57,2.0,1,0.8846153846153846,0,2,2,1.0,3.0,1.0,1.0,1.0,0.0,1.0,1.0,0.0,1.0,0.0,0.0
test/org/jruby/util,427,118,0.48599999999999993,2.2,5,0.8082408874801902,1,3,4,16.0,390.0,816.0,4.0,0.5625,0.0,4.0,0.6019208406908135,1.0,3.0,0.0,0.0
test/org/jruby/util/collections/test,59,0,0.0,1.0,1,1.0,0,1,1,0.0,0.0,0.0,0.0,0.0,0.0,0.0,0.0,0.0,0.0,0.0,0.0
test/mri/sample,1569,214,0.14,133.0,1,0.9935960591133005,4,1,5,3.0,19.0,14.0,2.0,0.6666666666666666,0.0,2.0,0.8096,0.0,2.0,0.0,0.0
test/externals/mri,5,0,0.0,0.0,1,1.0,0,1,1,0.0,0.0,0.0,0.0,0.0,0.0,0.0,0.0,0.0,0.0,0.0,0.0
test/externals/mri/digest,92,5,0.05,6.0,1,1.0,0,1,1,0.0,0.0,0.0,0.0,0.0,0.0,0.0,0.0,0.0,0.0,0.0,0.0
test/externals/mri/stringio,38,3,0.08,0.0,1,1.0,0,1,1,0.0,0.0,0.0,0.0,0.0,0.0,0.0,0.0,0.0,0.0,1.0,1.0
test/externals/mri/dbm,428,15,0.04,18.0,1,1.0,0,1,1,0.0,0.0,0.0,0.0,0.0,0.0,0.0,0.0,0.0,0.0,0.0,0.0
test/externals/mri/xmlrpc,386,24,0.065,0.8333333333333334,6,1.0,0,1,1,0.0,0.0,0.0,0.0,0.0,0.0,0.0,0.0,0.0,0.0,0.0,0.0
test/externals/mri/optparse,235,1,0.004,0.0,5,1.0,0,1,1,0.0,0.0,0.0,0.0,0.0,0.0,0.0,0.0,0.0,0.0,0.0,0.0
test/externals/mri/strscan,479,10,0.02,0.0,1,1.0,0,1,1,0.0,0.0,0.0,0.0,0.0,0.0,0.0,0.0,0.0,0.0,1.0,1.0
test/externals/mri/testunit,948,18,0.08333333333333336,1.6666666666666667,6,1.0,0,1,1,0.0,0.0,0.0,0.0,0.0,0.0,0.0,0.0,0.0,0.0,0.0,0.0
test/externals/mri/testunit/runit,578,21,0.06999999999999999,1.0,4,1.0,0,1,1,0.0,0.0,0.0,0.0,0.0,0.0,0.0,0.0,0.0,0.0,0.0,0.0
test/externals/mri/testunit/collector,412,3,0.02,4.5,2,1.0,0,1,1,0.0,0.0,0.0,0.0,0.0,0.0,0.0,0.0,0.0,0.0,0.0,0.0
test/externals/mri/testunit/util,1094,24,0.07111111111111112,1.1111111111111112,9,1.0,0,1,1,0.0,0.0,0.0,0.0,0.0,0.0,0.0,0.0,0.0,0.0,0.0,0.0
test/externals/mri/testunit/util/runit,578,21,0.06999999999999999,1.0,4,1.0,0,1,1,0.0,0.0,0.0,0.0,0.0,0.0,0.0,0.0,0.0,0.0,0.0,0.0
test/externals/mri/testunit/util/collector,412,3,0.02,4.5,2,1.0,0,1,1,0.0,0.0,0.0,0.0,0.0,0.0,0.0,0.0,0.0,0.0,0.0,0.0
test/externals/mri/socket,347,24,0.05666666666666667,10.0,3,1.0,0,1,1,0.0,0.0,0.0,0.0,0.0,0.0,0.0,0.0,0.0,0.0,0.0,0.0
test/externals/mri/soap,1943,93,0.04111111111111111,1.8888888888888888,9,1.0,0,1,1,0.0,0.0,0.0,0.0,0.0,0.0,0.0,0.0,0.0,0.0,0.0,0.0
test/externals/mri/soap/marshal,106,0,0.0,0.3333333333333333,3,1.0,0,1,1,0.0,0.0,0.0,0.0,0.0,0.0,0.0,0.0,0.0,0.0,0.0,0.0
test/externals/mri/soap/fault,47,0,0.0,1.0,1,1.0,0,1,1,0.0,0.0,0.0,0.0,0.0,0.0,0.0,0.0,0.0,0.0,0.0,0.0
test/externals/mri/soap/wsdlDriver,226,4,0.04,1.25,4,1.0,0,1,1,0.0,0.0,0.0,0.0,0.0,0.0,0.0,0.0,0.0,0.0,0.0,0.0
test/externals/mri/soap/struct,60,0,0.0,1.0,1,1.0,0,1,1,0.0,0.0,0.0,0.0,0.0,0.0,0.0,0.0,0.0,0.0,0.0,0.0
test/externals/mri/soap/calc,207,1,0.002857142857142857,0.7142857142857143,7,1.0,0,1,1,0.0,0.0,0.0,0.0,0.0,0.0,0.0,0.0,0.0,0.0,0.0,0.0
test/externals/mri/soap/ssl,204,19,0.06999999999999999,2.5,2,1.0,0,1,1,0.0,0.0,0.0,0.0,0.0,0.0,0.0,0.0,0.0,0.0,0.0,0.0
test/externals/mri/soap/helloworld,44,0,0.0,0.5,2,1.0,0,1,1,0.0,0.0,0.0,0.0,0.0,0.0,0.0,0.0,0.0,0.0,0.0,0.0
test/externals/mri/soap/swa,61,1,0.02,1.0,1,1.0,0,1,1,0.0,0.0,0.0,0.0,0.0,0.0,0.0,0.0,0.0,0.0,0.0,0.0
test/externals/mri/soap/header,391,2,0.006666666666666667,4.0,3,1.0,0,1,1,0.0,0.0,0.0,0.0,0.0,0.0,0.0,0.0,0.0,0.0,0.0,0.0
test/externals/mri/soap/asp.net,80,1,0.01,4.0,1,1.0,0,1,1,0.0,0.0,0.0,0.0,0.0,0.0,0.0,0.0,0.0,0.0,0.0,0.0
test/externals/mri/ruby,4004,290,0.11903846153846151,3.8076923076923075,52,0.967382328654005,1,1,2,2.0,17.0,13.0,1.0,1.0,0.0,1.0,1.0,0.0,1.0,0.0,0.0
test/externals/mri/net/http,301,0,0.0,0.5,2,1.0,0,1,1,0.0,0.0,0.0,0.0,0.0,0.0,0.0,0.0,0.0,0.0,0.0,0.0
test/externals/mri/gdbm,544,36,0.07,26.0,1,1.0,0,1,1,0.0,0.0,0.0,0.0,0.0,0.0,0.0,0.0,0.0,0.0,0.0,0.0
test/externals/mri/pathname,408,4,0.01,12.0,1,1.0,0,1,1,0.0,0.0,0.0,0.0,0.0,0.0,0.0,0.0,0.0,0.0,0.0,0.0
test/externals/mri/nkf,66,0,0.0,0.0,2,1.0,0,1,1,0.0,0.0,0.0,0.0,0.0,0.0,0.0,0.0,0.0,0.0,0.0,0.0
test/externals/mri/csv,1451,40,0.03,21.0,1,1.0,0,1,1,0.0,0.0,0.0,0.0,0.0,0.0,0.0,0.0,0.0,0.0,0.0,0.0
test/externals/mri/wsdl,67,0,0.0,0.0,3,1.0,0,1,1,0.0,0.0,0.0,0.0,0.0,0.0,0.0,0.0,0.0,0.0,0.0,0.0
test/externals/mri/wsdl/marshal,84,1,0.03,0.0,2,1.0,0,1,1,0.0,0.0,0.0,0.0,0.0,0.0,0.0,0.0,0.0,0.0,0.0,0.0
test/externals/mri/wsdl/ref,110,5,0.035,0.0,2,1.0,0,1,1,0.0,0.0,0.0,0.0,0.0,0.0,0.0,0.0,0.0,0.0,0.0,0.0
test/externals/mri/wsdl/soap,61,0,0.0,1.0,1,1.0,0,1,1,0.0,0.0,0.0,0.0,0.0,0.0,0.0,0.0,0.0,0.0,0.0,0.0
test/externals/mri/wsdl/any,149,2,0.030000000000000002,1.5,4,1.0,0,1,1,0.0,0.0,0.0,0.0,0.0,0.0,0.0,0.0,0.0,0.0,0.0,0.0
test/externals/mri/wsdl/axisArray,55,4,0.12,0.0,2,1.0,0,1,1,0.0,0.0,0.0,0.0,0.0,0.0,0.0,0.0,0.0,0.0,0.0,0.0
test/externals/mri/wsdl/rpc,378,20,0.6074999999999999,2.25,4,1.0,0,1,1,0.0,0.0,0.0,0.0,0.0,0.0,0.0,0.0,0.0,0.0,0.0,0.0
test/externals/mri/wsdl/raa,444,84,0.742,0.2,5,1.0,0,1,1,0.0,0.0,0.0,0.0,0.0,0.0,0.0,0.0,0.0,0.0,0.0,0.0
test/externals/mri/wsdl/map,82,0,0.0,1.0,1,1.0,0,1,1,0.0,0.0,0.0,0.0,0.0,0.0,0.0,0.0,0.0,0.0,0.0,0.0
test/externals/mri/wsdl/qualified,223,0,0.0,1.3333333333333333,3,1.0,0,1,1,1.0,0.0,0.0,1.0,1.0,0.0,1.0,1.0,0.0,1.0,0.0,0.0
test/externals/mri/wsdl/datetime,110,14,0.5499999999999999,1.0,4,1.0,0,1,1,1.0,0.0,0.0,1.0,1.0,0.0,1.0,1.0,0.0,1.0,0.0,0.0
test/externals/mri/wsdl/document,382,12,0.03,3.0,4,1.0,0,1,1,0.0,0.0,0.0,0.0,0.0,0.0,0.0,0.0,0.0,0.0,0.0,0.0
test/externals/mri/wsdl/simpletype,78,2,0.03,1.0,1,1.0,0,1,1,0.0,0.0,0.0,0.0,0.0,0.0,0.0,0.0,0.0,0.0,0.0,0.0
test/externals/mri/wsdl/simpletype/rpc,193,40,0.6933333333333334,1.1666666666666667,6,1.0,0,1,1,0.0,0.0,0.0,0.0,0.0,0.0,0.0,0.0,0.0,0.0,0.0,0.0
test/externals/mri/webrick,880,6,0.005,0.6,10,1.0,0,1,1,0.0,0.0,0.0,0.0,0.0,0.0,0.0,0.0,0.0,0.0,0.0,0.0
test/externals/mri/rss,5226,60,0.006129032258064517,2.3548387096774195,31,1.0,0,1,1,0.0,0.0,0.0,0.0,0.0,0.0,0.0,0.0,0.0,0.0,0.0,0.0
test/externals/mri/monitor,126,25,0.2,4.0,1,1.0,0,1,1,0.0,0.0,0.0,0.0,0.0,0.0,0.0,0.0,0.0,0.0,0.0,0.0
test/externals/mri/yaml,543,113,0.21,9.0,1,1.0,0,1,1,0.0,0.0,0.0,0.0,0.0,0.0,0.0,0.0,0.0,0.0,0.0,0.0
test/externals/mri/io/nonblock,27,1,0.04,2.0,1,1.0,0,1,1,0.0,0.0,0.0,0.0,0.0,0.0,0.0,0.0,0.0,0.0,0.0,0.0
test/externals/mri/readline,77,0,0.0,1.0,1,1.0,0,1,1,0.0,0.0,0.0,0.0,0.0,0.0,0.0,0.0,0.0,0.0,0.0,0.0
test/externals/mri/rinda,436,1,0.0,19.0,1,1.0,0,1,1,0.0,0.0,0.0,0.0,0.0,0.0,0.0,0.0,0.0,0.0,0.0,0.0
test/externals/mri/erb,35,0,0.0,0.0,1,1.0,0,1,1,0.0,0.0,0.0,0.0,0.0,0.0,0.0,0.0,0.0,0.0,0.0,0.0
test/externals/mri/sdbm,412,29,0.07,18.0,1,1.0,0,1,1,0.0,0.0,0.0,0.0,0.0,0.0,0.0,0.0,0.0,0.0,0.0,0.0
test/externals/mri/xsd,1396,16,0.016666666666666666,1.0,3,1.0,0,1,1,0.0,0.0,0.0,0.0,0.0,0.0,0.0,0.0,0.0,0.0,0.0,0.0
test/externals/mri/xsd/codegen,66,0,0.0,0.0,1,1.0,0,1,1,0.0,0.0,0.0,0.0,0.0,0.0,0.0,0.0,0.0,0.0,0.0,0.0
test/externals/mri/fileutils,1032,63,0.046,6.6,5,1.0,0,1,1,0.0,0.0,0.0,0.0,0.0,0.0,0.0,0.0,0.0,0.0,0.0,0.0
test/externals/mri/openssl,2038,61,0.028823529411764703,2.0588235294117645,17,1.0,0,1,1,0.0,0.0,0.0,0.0,0.0,0.0,0.0,0.0,0.0,0.0,0.0,0.0
test/externals/mri/ostruct,18,0,0.0,0.0,1,1.0,0,1,1,0.0,0.0,0.0,0.0,0.0,0.0,0.0,0.0,0.0,0.0,0.0,0.0
test/externals/mri/uri,794,136,0.07666666666666666,0.0,6,1.0,0,1,1,0.0,0.0,0.0,0.0,0.0,0.0,0.0,0.0,0.0,0.0,0.0,0.0
test/externals/mri/drb,1124,8,0.004705882352941177,2.0,17,1.0,0,1,1,0.0,0.0,0.0,0.0,0.0,0.0,0.0,0.0,0.0,0.0,0.0,0.0
test/externals/mri/zlib,50,4,0.08,1.0,1,1.0,0,1,1,0.0,0.0,0.0,0.0,0.0,0.0,0.0,0.0,0.0,0.0,0.0,0.0
test/externals/mri/logger,335,13,0.04,4.0,1,1.0,0,1,1,0.0,0.0,0.0,0.0,0.0,0.0,0.0,0.0,0.0,0.0,0.0,0.0
test/externals/miniunit/test,76,8,0.11,0.0,1,1.0,0,1,1,0.0,0.0,0.0,0.0,0.0,0.0,0.0,0.0,0.0,0.0,0.0,0.0
test/externals/miniunit/test/unit,0,1,1.0,0.0,1,1.0,0,1,1,0.0,0.0,0.0,0.0,0.0,0.0,0.0,0.0,0.0,0.0,0.0,0.0
test/externals/bfts,4382,283,0.07153846153846155,4.384615384615385,13,0.9983862291554599,3,1,4,3.0,7.0,6.0,2.0,0.6666666666666666,0.0,2.0,0.8831168831168831,0.0,2.0,0.0,0.0
test/externals/ruby_test/test/core/Binding/instance,40,5,0.12,0.0,1,1.0,0,1,1,0.0,0.0,0.0,0.0,0.0,0.0,0.0,0.0,0.0,0.0,0.0,0.0
test/externals/ruby_test/test/core/IO/instance,67,19,0.33999999999999997,0.5,2,1.0,0,1,1,0.0,0.0,0.0,0.0,0.0,0.0,0.0,0.0,0.0,0.0,0.0,0.0
test/externals/ruby_test/test/core/IO/class,241,54,0.23285714285714285,0.42857142857142855,7,1.0,0,1,1,0.0,0.0,0.0,0.0,0.0,0.0,0.0,0.0,0.0,0.0,0.0,0.0
test/externals/ruby_test/test/core/ObjectSpace/class,29,7,0.24,0.0,1,1.0,0,1,1,0.0,0.0,0.0,0.0,0.0,0.0,0.0,0.0,0.0,0.0,0.0,0.0
test/externals/ruby_test/test/core/String/instance,1855,300,0.17260869565217393,0.0,46,1.0,0,1,1,0.0,0.0,0.0,0.0,0.0,0.0,0.0,0.0,0.0,0.0,0.0,0.0
test/externals/ruby_test/test/core/String/class,28,6,0.21,0.0,1,1.0,0,1,1,0.0,0.0,0.0,0.0,0.0,0.0,0.0,0.0,0.0,0.0,0.0,0.0
test/externals/ruby_test/test/core/FalseClass/instance,71,16,0.24333333333333337,0.0,3,1.0,0,1,1,0.0,0.0,0.0,0.0,0.0,0.0,0.0,0.0,0.0,0.0,0.0,0.0
test/externals/ruby_test/test/core/Numeric/instance,435,56,0.14090909090909093,0.09090909090909091,11,1.0,0,1,1,0.0,0.0,0.0,0.0,0.0,0.0,0.0,0.0,0.0,0.0,0.0,0.0
test/externals/ruby_test/test/core/ProcessUID/class,207,75,0.3625,1.625,8,1.0,0,1,1,0.0,0.0,0.0,0.0,0.0,0.0,0.0,0.0,0.0,0.0,0.0,0.0
test/externals/ruby_test/test/core/Struct/instance,253,47,0.19666666666666666,1.1111111111111112,9,1.0,0,1,1,0.0,0.0,0.0,0.0,0.0,0.0,0.0,0.0,0.0,0.0,0.0,0.0
test/externals/ruby_test/test/core/Struct/class,72,17,0.24333333333333332,0.3333333333333333,3,1.0,0,1,1,0.0,0.0,0.0,0.0,0.0,0.0,0.0,0.0,0.0,0.0,0.0,0.0
test/externals/ruby_test/test/core/FileStat/instance,799,189,0.24270270270270275,0.4864864864864865,37,1.0,0,1,1,0.0,0.0,0.0,0.0,0.0,0.0,0.0,0.0,0.0,0.0,0.0,0.0
test/externals/ruby_test/test/core/Process/class,259,70,0.3410000000000001,1.5,10,1.0,0,1,1,0.0,0.0,0.0,0.0,0.0,0.0,0.0,0.0,0.0,0.0,0.0,0.0
test/externals/ruby_test/test/core/Float/instance,152,30,0.19833333333333333,0.0,6,1.0,0,1,1,0.0,0.0,0.0,0.0,0.0,0.0,0.0,0.0,0.0,0.0,0.0,0.0
test/externals/ruby_test/test/core/Float/class,19,5,0.26,0.0,1,1.0,0,1,1,0.0,0.0,0.0,0.0,0.0,0.0,0.0,0.0,0.0,0.0,0.0,0.0
test/externals/ruby_test/test/core/NilClass/instance,127,40,0.35750000000000004,0.0,8,1.0,0,1,1,0.0,0.0,0.0,0.0,0.0,0.0,0.0,0.0,0.0,0.0,0.0,0.0
test/externals/ruby_test/test/core/TrueClass/instance,71,16,0.24333333333333337,0.0,3,1.0,0,1,1,0.0,0.0,0.0,0.0,0.0,0.0,0.0,0.0,0.0,0.0,0.0,0.0
test/externals/ruby_test/test/core/TrueClass/class,15,5,0.33,0.0,1,1.0,0,1,1,0.0,0.0,0.0,0.0,0.0,0.0,0.0,0.0,0.0,0.0,0.0,0.0
test/externals/ruby_test/test/core/Bignum/instance,226,33,0.155,0.75,4,1.0,0,1,1,0.0,0.0,0.0,0.0,0.0,0.0,0.0,0.0,0.0,0.0,0.0,0.0
test/externals/ruby_test/test/core/Enumerable/instance,27,5,0.19,0.0,1,1.0,0,1,1,0.0,0.0,0.0,0.0,0.0,0.0,0.0,0.0,0.0,0.0,0.0,0.0
test/externals/ruby_test/test/core/Array/instance,1930,299,0.1835849056603774,0.0,53,1.0,0,1,1,0.0,0.0,0.0,0.0,0.0,0.0,0.0,0.0,0.0,0.0,0.0,0.0
test/externals/ruby_test/test/core/Array/class,63,10,0.165,0.0,2,1.0,0,1,1,0.0,0.0,0.0,0.0,0.0,0.0,0.0,0.0,0.0,0.0,0.0,0.0
test/externals/ruby_test/test/core/File/instance,144,36,0.235,1.25,4,1.0,0,1,1,0.0,0.0,0.0,0.0,0.0,0.0,0.0,0.0,0.0,0.0,0.0,0.0
test/externals/ruby_test/test/core/File/class,1552,260,0.1871428571428571,1.4285714285714286,35,1.0,0,1,1,0.0,0.0,0.0,0.0,0.0,0.0,0.0,0.0,0.0,0.0,0.0,0.0
test/externals/ruby_test/test/core/ProcessGID/class,211,63,0.30624999999999997,1.5,8,1.0,0,1,1,0.0,0.0,0.0,0.0,0.0,0.0,0.0,0.0,0.0,0.0,0.0,0.0
test/externals/ruby_test/test/core/Integer/instance,228,46,0.21555555555555556,0.0,9,1.0,0,1,1,0.0,0.0,0.0,0.0,0.0,0.0,0.0,0.0,0.0,0.0,0.0,0.0
test/externals/ruby_test/test/core/Class/instance,34,9,0.26,0.0,1,1.0,0,1,1,0.0,0.0,0.0,0.0,0.0,0.0,0.0,0.0,0.0,0.0,0.0,0.0
test/externals/ruby_test/test/core/Class/class,48,10,0.235,0.0,2,1.0,0,1,1,0.0,0.0,0.0,0.0,0.0,0.0,0.0,0.0,0.0,0.0,0.0,0.0
test/externals/ruby_test/test/core/Math/class,692,123,0.18956521739130436,0.17391304347826086,23,1.0,0,1,1,0.0,0.0,0.0,0.0,0.0,0.0,0.0,0.0,0.0,0.0,0.0,0.0
test/externals/ruby_test/test/core/ProcessSys/class,175,60,0.34375,0.75,8,1.0,0,1,1,0.0,0.0,0.0,0.0,0.0,0.0,0.0,0.0,0.0,0.0,0.0,0.0
test/externals/ruby_test/test/core/Module/class,78,15,0.19999999999999998,0.0,3,1.0,0,1,1,0.0,0.0,0.0,0.0,0.0,0.0,0.0,0.0,0.0,0.0,0.0,0.0
test/externals/ruby_test/test/core/Hash/instance,837,165,0.20548387096774204,0.06451612903225806,31,0.9991496598639455,1,1,2,2.0,2.0,2.0,2.0,0.5,0.0,2.0,0.9998410174880763,1.0,1.0,0.0,0.0
test/externals/ruby_test/test/core/Hash/class,58,10,0.195,0.0,2,1.0,0,1,1,0.0,0.0,0.0,0.0,0.0,0.0,0.0,0.0,0.0,0.0,0.0,0.0
test/externals/ruby_test/test/core/Fixnum/instance,26,6,0.23,0.0,1,1.0,0,1,1,0.0,0.0,0.0,0.0,0.0,0.0,0.0,0.0,0.0,0.0,0.0,0.0
test/externals/ruby_test/test/core/Comparable/instance,34,7,0.21,0.0,1,1.0,0,1,1,0.0,0.0,0.0,0.0,0.0,0.0,0.0,0.0,0.0,0.0,0.0,0.0
test/externals/ruby_test/test/core/Dir/instance,208,43,0.2125,0.625,8,1.0,0,1,1,0.0,0.0,0.0,0.0,0.0,0.0,0.0,0.0,0.0,0.0,0.0,0.0
test/externals/ruby_test/test/core/Dir/class,323,56,0.18,0.9,10,1.0,0,1,1,0.0,0.0,0.0,0.0,0.0,0.0,0.0,0.0,0.0,0.0,0.0,0.0
test/externals/ruby_test/test/core/Range/instance,140,21,0.155,0.25,4,1.0,0,1,1,0.0,0.0,0.0,0.0,0.0,0.0,0.0,0.0,0.0,0.0,0.0,0.0
test/externals/ruby_test/test/core/Range/class,73,7,0.1,0.0,1,1.0,0,1,1,0.0,0.0,0.0,0.0,0.0,0.0,0.0,0.0,0.0,0.0,0.0,0.0
test/externals/ruby_test/test/stdlib/Socket/class,21,5,0.24,0.0,1,1.0,0,1,1,0.0,0.0,0.0,0.0,0.0,0.0,0.0,0.0,0.0,0.0,0.0,0.0
test/externals/ruby_test/test/stdlib/English,117,7,0.06,4.0,1,1.0,0,1,1,0.0,0.0,0.0,0.0,0.0,0.0,0.0,0.0,0.0,0.0,0.0,0.0
test/externals/ruby_test/test/stdlib/Set,61,11,0.18,0.0,2,1.0,0,1,1,0.0,0.0,0.0,0.0,0.0,0.0,0.0,0.0,0.0,0.0,0.0,0.0
test/externals/ruby_test/test/stdlib/Rational,255,36,0.12,0.0,2,1.0,0,1,1,0.0,0.0,0.0,0.0,0.0,0.0,0.0,0.0,0.0,0.0,0.0,0.0
test/externals/ruby_test/test/stdlib/Pathname,266,7,0.03,0.0,1,1.0,0,1,1,0.0,0.0,0.0,0.0,0.0,0.0,0.0,0.0,0.0,0.0,0.0,0.0
test/externals/ruby_test/lib/test,163,37,0.23,33.0,1,1.0,0,1,1,0.0,0.0,0.0,0.0,0.0,0.0,0.0,0.0,0.0,0.0,0.0,0.0
test/externals/ruby_test/bench/core,1062,43,0.084,1.6,5,0.9955849889624724,1,1,2,4.0,19.0,19.0,2.0,0.5,0.0,2.0,0.944672131147541,0.0,2.0,0.0,0.0
test/externals/ruby_test/bench/core/Array,44,11,0.28,0.0,2,1.0,0,1,1,0.0,0.0,0.0,0.0,0.0,0.0,0.0,0.0,0.0,0.0,0.0,0.0
test/externals/ruby_test/bench/misc,85,6,0.05666666666666667,1.0,3,1.0,0,1,1,0.0,0.0,0.0,0.0,0.0,0.0,0.0,0.0,0.0,0.0,0.0,0.0
test/externals/ruby_test/bench/stdlib,165,10,0.195,0.0,2,1.0,0,1,1,0.0,0.0,0.0,0.0,0.0,0.0,0.0,0.0,0.0,0.0,0.0,0.0
test/compiler,334,0,0.0,0.0,4,1.0,0,1,1,11.0,209.0,84.0,1.0,1.0,0.0,1.0,1.0,0.0,1.0,1.0,4.0
test/compiler/duby,227,2,0.006,0.0,5,1.0,0,1,1,2.0,122.0,3.0,1.0,1.0,0.0,1.0,1.0,0.0,1.0,1.0,2.0
test/load,14,0,0.0,1.0,1,1.0,0,1,1,0.0,0.0,0.0,0.0,0.0,0.0,0.0,0.0,0.0,0.0,0.0,0.0
test/rubicon,12288,1128,0.08124999999999999,4.375,64,0.9977956921526641,2,1,3,12.0,162.0,80.0,1.0,1.0,0.0,1.0,1.0,0.0,1.0,1.0,1.0
test/bench,1308,39,0.024545454545454547,1.2272727272727273,44,0.863528009535161,1,3,4,3.0,39.0,44.0,2.0,0.6666666666666666,0.0,2.0,0.9942196531791907,1.0,1.0,0.0,0.0
test/bench/language,2616,12,0.00575,3.375,40,0.9762486901851205,2,1,3,6.0,1501.0,1534.0,1.0,1.0,0.0,1.0,1.0,0.0,1.0,0.0,0.0
test/bench/yarv,2002,369,0.14881578947368423,2.736842105263158,76,1.0,0,1,1,3.0,18.0,14.0,2.0,0.6666666666666666,0.0,2.0,0.9959885386819485,1.0,1.0,0.0,0.0
test/bench/compiler,77,2,0.03333333333333333,0.0,3,1.0,0,1,1,0.0,0.0,0.0,0.0,0.0,0.0,0.0,0.0,0.0,0.0,0.0,0.0
tool,123,7,0.035,5.0,2,0.8311688311688312,0,2,2,0.0,0.0,0.0,0.0,0.0,0.0,0.0,0.0,0.0,0.0,0.0,0.0
tool/nailgun/src/java/org/jruby/util,22,1,0.05,1.0,1,1.0,0,1,1,0.0,0.0,0.0,0.0,0.0,0.0,0.0,0.0,0.0,0.0,0.0,0.0
tool/nailgun/src/c,389,151,0.39,54.0,1,1.0,0,1,1,0.0,0.0,0.0,0.0,0.0,0.0,0.0,0.0,0.0,0.0,0.0,0.0
samples,111,8,0.1157142857142857,1.0,7,0.43209876543209874,2,3,5,1.0,5.0,1.0,1.0,1.0,0.0,1.0,1.0,0.0,1.0,0.0,0.0
samples/duby,98,1,0.011666666666666667,0.5,6,1.0,0,1,1,7.0,71.0,24.0,1.0,1.0,0.0,1.0,1.0,0.0,1.0,0.0,0.0
bin,192,9,0.035,5.5,4,0.65,2,2,4,44.0,377.0,1311.0,6.0,0.4318181818181818,3.0,3.0,0.7902997606674865,4.0,2.0,1.0,15.0
lib/ruby/gems/1.8/gems/sources-0.0.1/lib,6,0,0.0,0.0,1,1.0,0,1,1,0.0,0.0,0.0,0.0,0.0,0.0,0.0,0.0,0.0,0.0,0.0,0.0
lib/ruby/1.8,16486,10426,0.9176623376623378,25.194805194805195,77,0.9880769230769231,5,1,6,19.0,1433.0,1077.0,4.0,0.631578947368421,0.0,4.0,0.7196703186249874,1.0,3.0,1.0,6.0
lib/ruby/1.8/date,851,108,0.13,132.0,1,0.7463235294117647,0,2,2,2.0,1504.0,1019.0,2.0,0.5,0.0,2.0,0.7133053755242089,0.0,2.0,0.0,0.0
lib/ruby/1.8/xmlrpc,1720,934,0.7949999999999999,17.4,10,1.0,0,1,1,1.0,2.0,2.0,1.0,1.0,0.0,1.0,1.0,0.0,1.0,0.0,0.0
lib/ruby/1.8/optparse,97,3,0.136,2.4,5,1.0,0,1,1,0.0,0.0,0.0,0.0,0.0,0.0,0.0,0.0,0.0,0.0,0.0,0.0
lib/ruby/1.8/test,17,260,15.29,0.0,1,1.0,0,1,1,0.0,0.0,0.0,0.0,0.0,0.0,0.0,0.0,0.0,0.0,0.0,0.0
lib/ruby/1.8/test/unit,832,281,0.4122222222222222,4.0,9,1.0,0,1,1,1.0,31.0,7.0,1.0,1.0,0.0,1.0,1.0,0.0,1.0,0.0,0.0
lib/ruby/1.8/test/unit/ui,67,32,0.54,0.5,2,1.0,0,1,1,0.0,0.0,0.0,0.0,0.0,0.0,0.0,0.0,0.0,0.0,0.0,0.0
lib/ruby/1.8/test/unit/ui/gtk,350,13,0.04,9.0,1,1.0,0,1,1,0.0,0.0,0.0,0.0,0.0,0.0,0.0,0.0,0.0,0.0,0.0,0.0
lib/ruby/1.8/test/unit/ui/tk,203,17,0.08,12.0,1,1.0,0,1,1,0.0,0.0,0.0,0.0,0.0,0.0,0.0,0.0,0.0,0.0,0.0,0.0
lib/ruby/1.8/test/unit/ui/fox,202,17,0.08,7.0,1,1.0,0,1,1,0.0,0.0,0.0,0.0,0.0,0.0,0.0,0.0,0.0,0.0,0.0,0.0
lib/ruby/1.8/test/unit/ui/gtk2,397,48,0.12,10.0,1,1.0,0,1,1,0.0,0.0,0.0,0.0,0.0,0.0,0.0,0.0,0.0,0.0,0.0,0.0
lib/ruby/1.8/test/unit/ui/console,95,13,0.14,6.0,1,1.0,0,1,1,1.0,0.0,3.0,1.0,1.0,0.0,1.0,1.0,0.0,1.0,0.0,0.0
lib/ruby/1.8/test/unit/collector,125,3,0.06,10.5,2,1.0,0,1,1,1.0,20.0,5.0,1.0,1.0,0.0,1.0,1.0,0.0,1.0,0.0,0.0
lib/ruby/1.8/test/unit/util,113,49,0.42,2.6666666666666665,3,1.0,0,1,1,0.0,0.0,0.0,0.0,0.0,0.0,0.0,0.0,0.0,0.0,0.0,0.0
lib/ruby/1.8/rexml,3213,1657,0.635,14.357142857142858,28,1.0,0,1,1,2.0,1617.0,1509.0,1.0,1.0,0.0,1.0,1.0,0.0,1.0,0.0,0.0
lib/ruby/1.8/rexml/encodings,342,86,0.10363636363636362,1.3636363636363635,11,1.0,0,1,1,1.0,98.0,89.0,1.0,1.0,0.0,1.0,1.0,0.0,1.0,0.0,0.0
lib/ruby/1.8/rexml/dtd,160,4,0.026000000000000002,1.2,5,1.0,0,1,1,1.0,1.0,1.0,1.0,1.0,0.0,1.0,1.0,0.0,1.0,0.0,0.0
lib/ruby/1.8/rexml/light,152,17,0.11,20.0,1,1.0,0,1,1,0.0,0.0,0.0,0.0,0.0,0.0,0.0,0.0,0.0,0.0,0.0,0.0
lib/ruby/1.8/rexml/parsers,1430,305,0.20875000000000002,22.75,8,1.0,0,1,1,1.0,35.0,15.0,1.0,1.0,0.0,1.0,1.0,0.0,1.0,0.0,0.0
lib/ruby/1.8/rexml/validation,561,99,0.15666666666666668,24.666666666666668,3,1.0,0,1,1,0.0,0.0,0.0,0.0,0.0,0.0,0.0,0.0,0.0,0.0,0.0,0.0
lib/ruby/1.8/rexml/formatters,211,54,0.26333333333333336,5.666666666666667,3,1.0,0,1,1,0.0,0.0,0.0,0.0,0.0,0.0,0.0,0.0,0.0,0.0,0.0,0.0
lib/ruby/1.8/rdoc,1536,430,0.41714285714285715,17.571428571428573,7,1.0,0,1,1,1.0,50.0,19.0,1.0,1.0,0.0,1.0,1.0,0.0,1.0,0.0,0.0
lib/ruby/1.8/rdoc/generators,1320,310,0.24000000000000002,31.5,4,1.0,0,1,1,1.0,1.0,1.0,1.0,1.0,0.0,1.0,1.0,0.0,1.0,0.0,0.0
lib/ruby/1.8/rdoc/generators/template/xml,12,2,0.17,0.0,2,1.0,0,1,1,0.0,0.0,0.0,0.0,0.0,0.0,0.0,0.0,0.0,0.0,0.0,0.0
lib/ruby/1.8/rdoc/generators/template/html,100,260,2.284,0.0,5,1.0,0,1,1,0.0,0.0,0.0,0.0,0.0,0.0,0.0,0.0,0.0,0.0,0.0,0.0
lib/ruby/1.8/rdoc/generators/template/chm,10,2,0.2,0.0,1,1.0,0,1,1,0.0,0.0,0.0,0.0,0.0,0.0,0.0,0.0,0.0,0.0,0.0,0.0
lib/ruby/1.8/rdoc/ri,1374,223,0.24700000000000005,11.1,10,1.0,0,1,1,1.0,1.0,3.0,1.0,1.0,0.0,1.0,1.0,0.0,1.0,0.0,0.0
lib/ruby/1.8/rdoc/markup,158,247,1.56,27.0,1,1.0,0,1,1,0.0,0.0,0.0,0.0,0.0,0.0,0.0,0.0,0.0,0.0,0.0,0.0
lib/ruby/1.8/rdoc/markup/test,399,3,0.006666666666666667,0.3333333333333333,3,1.0,0,1,1,0.0,0.0,0.0,0.0,0.0,0.0,0.0,0.0,0.0,0.0,0.0,0.0
lib/ruby/1.8/rdoc/markup/simple_markup,1173,223,0.21571428571428572,15.428571428571429,7,1.0,0,1,1,0.0,0.0,0.0,0.0,0.0,0.0,0.0,0.0,0.0,0.0,0.0,0.0
lib/ruby/1.8/rdoc/markup/sample,18,27,1.47,0.5,2,1.0,0,1,1,0.0,0.0,0.0,0.0,0.0,0.0,0.0,0.0,0.0,0.0,0.0,0.0
lib/ruby/1.8/rdoc/parsers,3808,784,0.508,116.0,5,1.0,0,1,1,1.0,172.0,96.0,1.0,1.0,0.0,1.0,1.0,0.0,1.0,0.0,0.0
lib/ruby/1.8/rdoc/dot,196,19,0.1,2.0,1,1.0,0,1,1,0.0,0.0,0.0,0.0,0.0,0.0,0.0,0.0,0.0,0.0,0.0,0.0
lib/ruby/1.8/soap,2965,195,0.2353333333333333,18.266666666666666,15,1.0,0,1,1,0.0,0.0,0.0,0.0,0.0,0.0,0.0,0.0,0.0,0.0,0.0,0.0
lib/ruby/1.8/soap/encodingstyle,893,79,0.12499999999999999,20.75,4,1.0,0,1,1,0.0,0.0,0.0,0.0,0.0,0.0,0.0,0.0,0.0,0.0,0.0,0.0
lib/ruby/1.8/soap/rpc,1785,109,0.12111111111111111,15.666666666666666,9,1.0,0,1,1,0.0,0.0,0.0,0.0,0.0,0.0,0.0,0.0,0.0,0.0,0.0,0.0
lib/ruby/1.8/soap/header,105,22,0.2233333333333333,1.0,3,1.0,0,1,1,0.0,0.0,0.0,0.0,0.0,0.0,0.0,0.0,0.0,0.0,0.0,0.0
lib/ruby/1.8/soap/mapping,2146,105,0.06285714285714285,32.42857142857143,7,1.0,0,1,1,0.0,0.0,0.0,0.0,0.0,0.0,0.0,0.0,0.0,0.0,0.0,0.0
lib/ruby/1.8/net,5238,3549,0.9874999999999998,65.625,8,0.976432043965335,1,1,2,1.0,47.0,307.0,1.0,1.0,0.0,1.0,1.0,0.0,1.0,1.0,1.0
lib/ruby/1.8/wsdl,1065,121,0.19499999999999998,4.611111111111111,18,1.0,0,1,1,0.0,0.0,0.0,0.0,0.0,0.0,0.0,0.0,0.0,0.0,0.0,0.0
lib/ruby/1.8/wsdl/soap,1590,142,0.12952380952380954,7.142857142857143,21,1.0,0,1,1,0.0,0.0,0.0,0.0,0.0,0.0,0.0,0.0,0.0,0.0,0.0,0.0
lib/ruby/1.8/wsdl/xmlSchema,1483,147,0.1428,3.8,25,1.0,0,1,1,0.0,0.0,0.0,0.0,0.0,0.0,0.0,0.0,0.0,0.0,0.0,0.0
lib/ruby/1.8/racc,343,51,0.15,40.0,1,1.0,0,1,1,0.0,0.0,0.0,0.0,0.0,0.0,0.0,0.0,0.0,0.0,0.0,0.0
lib/ruby/1.8/webrick,2364,287,0.42190476190476195,10.428571428571429,21,1.0,0,1,1,1.0,6.0,0.0,1.0,1.0,0.0,1.0,1.0,0.0,1.0,0.0,0.0
lib/ruby/1.8/webrick/httpservlet,537,68,0.24833333333333332,10.166666666666666,6,1.0,0,1,1,0.0,0.0,0.0,0.0,0.0,0.0,0.0,0.0,0.0,0.0,0.0,0.0
lib/ruby/1.8/webrick/httpauth,607,65,0.19857142857142857,7.428571428571429,7,1.0,0,1,1,0.0,0.0,0.0,0.0,0.0,0.0,0.0,0.0,0.0,0.0,0.0,0.0
lib/ruby/1.8/rss,2822,38,0.015555555555555557,12.055555555555555,18,1.0,0,1,1,1.0,0.0,1.0,1.0,1.0,0.0,1.0,1.0,0.0,1.0,0.0,0.0
lib/ruby/1.8/rss/maker,1294,0,0.0,6.1,10,1.0,0,1,1,0.0,0.0,0.0,0.0,0.0,0.0,0.0,0.0,0.0,0.0,0.0,0.0
lib/ruby/1.8/runit,152,22,0.3283333333333333,0.3333333333333333,6,1.0,0,1,1,0.0,0.0,0.0,0.0,0.0,0.0,0.0,0.0,0.0,0.0,0.0,0.0
lib/ruby/1.8/runit/cui,40,3,0.07,0.0,1,1.0,0,1,1,0.0,0.0,0.0,0.0,0.0,0.0,0.0,0.0,0.0,0.0,0.0,0.0
lib/ruby/1.8/io,21,0,0.0,3.0,1,1.0,0,1,1,0.0,0.0,0.0,0.0,0.0,0.0,0.0,0.0,0.0,0.0,0.0,0.0
lib/ruby/1.8/rinda,596,321,0.58,15.333333333333334,3,1.0,0,1,1,1.0,8.0,5.0,1.0,1.0,0.0,1.0,1.0,0.0,1.0,0.0,0.0
lib/ruby/1.8/cgi,179,284,1.59,9.0,1,1.0,0,1,1,0.0,0.0,0.0,0.0,0.0,0.0,0.0,0.0,0.0,0.0,0.0,0.0
lib/ruby/1.8/cgi/session,59,44,0.75,3.0,1,1.0,0,1,1,0.0,0.0,0.0,0.0,0.0,0.0,0.0,0.0,0.0,0.0,0.0,0.0
lib/ruby/1.8/bigdecimal,378,148,0.42400000000000004,13.6,5,1.0,0,1,1,1.0,105.0,38.0,1.0,1.0,0.0,1.0,1.0,0.0,1.0,0.0,0.0
lib/ruby/1.8/shell,895,271,0.7028571428571428,12.285714285714286,7,1.0,0,1,1,1.0,5.0,3.0,1.0,1.0,0.0,1.0,1.0,0.0,1.0,0.0,0.0
lib/ruby/1.8/xsd,1456,124,0.286,9.9,10,1.0,0,1,1,0.0,0.0,0.0,0.0,0.0,0.0,0.0,0.0,0.0,0.0,0.0,0.0
lib/ruby/1.8/xsd/xmlparser,213,38,0.1875,2.25,4,1.0,0,1,1,0.0,0.0,0.0,0.0,0.0,0.0,0.0,0.0,0.0,0.0,0.0,0.0
lib/ruby/1.8/xsd/codegen,455,27,0.10800000000000001,7.8,5,1.0,0,1,1,0.0,0.0,0.0,0.0,0.0,0.0,0.0,0.0,0.0,0.0,0.0,0.0
lib/ruby/1.8/irb,2781,362,0.5529411764705883,20.294117647058822,17,0.998030388294879,1,1,2,3.0,19.0,12.0,2.0,0.6666666666666666,0.0,2.0,0.9896265560165975,1.0,1.0,0.0,0.0
lib/ruby/1.8/irb/cmd,175,79,0.48285714285714276,0.5714285714285714,7,1.0,0,1,1,0.0,0.0,0.0,0.0,0.0,0.0,0.0,0.0,0.0,0.0,0.0,0.0
lib/ruby/1.8/irb/lc,14,12,0.86,0.0,1,1.0,0,1,1,0.0,0.0,0.0,0.0,0.0,0.0,0.0,0.0,0.0,0.0,0.0,0.0
lib/ruby/1.8/irb/lc/ja,14,12,0.86,0.0,1,1.0,0,1,1,0.0,0.0,0.0,0.0,0.0,0.0,0.0,0.0,0.0,0.0,0.0,0.0
lib/ruby/1.8/irb/ext,582,149,0.4044444444444445,7.444444444444445,9,1.0,0,1,1,0.0,0.0,0.0,0.0,0.0,0.0,0.0,0.0,0.0,0.0,0.0,0.0
lib/ruby/1.8/uri,1348,789,0.96,24.857142857142858,7,1.0,0,1,1,1.0,97.0,24.0,1.0,1.0,0.0,1.0,1.0,0.0,1.0,0.0,0.0
lib/ruby/1.8/drb,1553,866,0.2290909090909091,13.363636363636363,11,1.0,0,1,1,1.0,3.0,1.0,1.0,1.0,0.0,1.0,1.0,0.0,1.0,1.0,1.0
lib/ruby/site_ruby/1.8,382,195,2.65,10.0,4,0.5151515151515151,0,3,3,2.0,184.0,132.0,2.0,0.5,0.0,2.0,0.9982007575757575,1.0,1.0,1.0,7.0
lib/ruby/site_ruby/1.8/rbconfig,7,11,1.57,0.0,1,1.0,0,1,1,0.0,0.0,0.0,0.0,0.0,0.0,0.0,0.0,0.0,0.0,0.0,0.0
lib/ruby/site_ruby/1.8/builtin,31,36,1.385,0.0,2,0.3918918918918919,2,4,6,12.0,112.0,50.0,2.0,0.9166666666666666,0.0,2.0,0.9811827956989247,1.0,1.0,0.0,0.0
lib/ruby/site_ruby/1.8/builtin/javasupport,45,3,0.04,0.5,2,0.4107142857142857,2,3,5,4.0,29.0,43.0,2.0,0.5,0.0,2.0,0.8521303258145363,0.0,2.0,1.0,2.0
lib/ruby/site_ruby/1.8/builtin/javasupport/core_ext,154,31,0.22,3.8333333333333335,6,0.5540540540540541,1,4,5,3.0,50.0,13.0,1.0,1.0,0.0,1.0,1.0,0.0,1.0,1.0,2.0
lib/ruby/site_ruby/1.8/builtin/javasupport/proxy,373,41,0.09,7.5,4,0.5681818181818182,3,2,5,0.0,0.0,0.0,0.0,0.0,0.0,0.0,0.0,0.0,0.0,1.0,2.0
lib/ruby/site_ruby/1.8/builtin/javasupport/utilities,542,24,0.065,37.5,2,0.9725085910652921,2,1,3,1.0,0.0,25.0,1.0,1.0,0.0,1.0,1.0,0.0,1.0,1.0,1.0
lib/ruby/site_ruby/1.8/builtin/java,279,1,0.002,6.2,5,0.6234567901234568,1,3,4,1.0,11.0,4.0,1.0,1.0,0.0,1.0,1.0,0.0,1.0,1.0,1.0
lib/ruby/site_ruby/1.8/compiler,533,29,0.04,9.0,4,1.0,0,1,1,21.0,653.0,201.0,1.0,1.0,0.0,1.0,1.0,0.0,1.0,1.0,4.0
lib/ruby/site_ruby/1.8/compiler/duby,1490,59,0.04285714285714285,19.857142857142858,7,1.0,0,1,1,16.0,925.0,733.0,1.0,1.0,0.0,1.0,1.0,0.0,1.0,0.0,0.0
lib/ruby/site_ruby/1.8/rubygems,5303,2147,0.4743902439024391,10.853658536585366,41,0.6515942673036329,1,2,3,5.0,2823.0,2628.0,2.0,0.6,0.0,2.0,0.955273879583522,1.0,1.0,1.0,6.0
lib/ruby/site_ruby/1.8/rubygems/digest,46,34,0.6900000000000001,1.5,4,0.9484536082474226,0,2,2,1.0,5.0,2.0,1.0,1.0,0.0,1.0,1.0,0.0,1.0,0.0,0.0
lib/ruby/site_ruby/1.8/rubygems/indexer,126,24,0.16,0.25,4,1.0,0,1,1,0.0,0.0,0.0,0.0,0.0,0.0,0.0,0.0,0.0,0.0,0.0,0.0
lib/ruby/site_ruby/1.8/rubygems/ext,72,20,0.36250000000000004,0.25,4,1.0,0,1,1,0.0,0.0,0.0,0.0,0.0,0.0,0.0,0.0,0.0,0.0,0.0,0.0
lib/ruby/site_ruby/1.8/rubygems/commands,1626,110,0.0730769230769231,4.384615384615385,26,0.8312937062937062,0,2,2,2.0,1439.0,1090.0,2.0,0.5,0.0,2.0,0.9982007575757575,1.0,1.0,1.0,2.0
lib/ruby/site_ruby/1.8/jruby,70,2,0.03,3.0,1,1.0,0,1,1,5.0,46.0,16.0,2.0,0.8,0.0,2.0,0.9954545454545455,1.0,1.0,1.0,1.0
lib/ruby/site_ruby/1.8/jruby/openssl,186,5,0.037500000000000006,1.5,4,1.0,0,1,1,4.0,50.0,70.0,1.0,1.0,0.0,1.0,1.0,0.0,1.0,0.0,0.0
